-- --Insert para tabla tblconcepto
INSERT INTO tblconcepto (codConcepto,correlativo, descripcion, fechaProceso, horaProceso, usuario, ip, mac)
VALUES (1, 0, 'MARCA TARJETA', CURDATE(), curTime(), '', '', '');
INSERT INTO tblconcepto (codConcepto,correlativo, descripcion, fechaProceso, horaProceso, usuario, ip, mac)
VALUES (1, 1, 'VISA', CURDATE(), curTime(), '', '', '');
INSERT INTO tblconcepto (codConcepto,correlativo, descripcion, fechaProceso, horaProceso, usuario, ip, mac)
VALUES (1, 2, 'MASTERCARD', CURDATE(), curTime(), '', '', '');
INSERT INTO tblconcepto (codConcepto,correlativo, descripcion, fechaProceso, horaProceso, usuario, ip, mac)
VALUES (1, 3, 'ARCANGEL', CURDATE(), curTime(), '', '', '');
INSERT INTO tblconcepto (codConcepto,correlativo, descripcion, fechaProceso, horaProceso, usuario, ip, mac)
VALUES (1, 4, 'AMERICAN EXPRESS', CURDATE(), curTime(), '', '', '');
INSERT INTO tblconcepto (codConcepto,correlativo, descripcion, fechaProceso, horaProceso, usuario, ip, mac)
VALUES (1, 5, 'AMEXLIFEMILES', CURDATE(), curTime(), '', '', '');
INSERT INTO tblconcepto (codConcepto,correlativo, descripcion, fechaProceso, horaProceso, usuario, ip, mac)
VALUES (1, 99, '-SIN MARCA-', CURDATE(), curTime(), '', '', '');

INSERT INTO tblconcepto (codConcepto,correlativo, descripcion, fechaProceso, horaProceso, usuario, ip, mac) VALUES (2, 0, 'TIPO TARJETA', CURDATE(), curTime(), '', '', '');
INSERT INTO tblconcepto (codConcepto,correlativo, descripcion, fechaProceso, horaProceso, usuario, ip, mac) VALUES (2, 1, 'CREDITO - AADVANTAGEŽ BLACK ', CURDATE(), curTime(), '', '', '');
INSERT INTO tblconcepto (codConcepto,correlativo, descripcion, fechaProceso, horaProceso, usuario, ip, mac) VALUES (2, 2, 'CREDITO - AADVANTAGEŽ GOLD', CURDATE(), curTime(), '', '', '');
INSERT INTO tblconcepto (codConcepto,correlativo, descripcion, fechaProceso, horaProceso, usuario, ip, mac) VALUES (2, 3, 'CREDITO - AADVANTAGEŽ INFINITE ', CURDATE(), curTime(), '', '', '');
INSERT INTO tblconcepto (codConcepto,correlativo, descripcion, fechaProceso, horaProceso, usuario, ip, mac) VALUES (2, 4, 'CREDITO - AADVANTAGEŽ PLATINUM', CURDATE(), curTime(), '', '', '');
INSERT INTO tblconcepto (codConcepto,correlativo, descripcion, fechaProceso, horaProceso, usuario, ip, mac) VALUES (2, 5, 'CREDITO - AADVANTAGEŽ SIGNATURE ', CURDATE(), curTime(), '', '', '');
INSERT INTO tblconcepto (codConcepto,correlativo, descripcion, fechaProceso, horaProceso, usuario, ip, mac) VALUES (2, 6, 'CREDITO - AADVANTAGEŽ SILVER', CURDATE(), curTime(), '', '', '');
INSERT INTO tblconcepto (codConcepto,correlativo, descripcion, fechaProceso, horaProceso, usuario, ip, mac) VALUES (2, 7, 'CREDITO - ARCANGEL', CURDATE(), curTime(), '', '', '');
INSERT INTO tblconcepto (codConcepto,correlativo, descripcion, fechaProceso, horaProceso, usuario, ip, mac) VALUES (2, 8, 'CREDITO - BEYOND', CURDATE(), curTime(), '', '', '');
INSERT INTO tblconcepto (codConcepto,correlativo, descripcion, fechaProceso, horaProceso, usuario, ip, mac) VALUES (2, 9, 'CREDITO - BFREE', CURDATE(), curTime(), '', '', '');
INSERT INTO tblconcepto (codConcepto,correlativo, descripcion, fechaProceso, horaProceso, usuario, ip, mac) VALUES (2, 10, 'CREDITO - BLACK', CURDATE(), curTime(), '', '', '');
INSERT INTO tblconcepto (codConcepto,correlativo, descripcion, fechaProceso, horaProceso, usuario, ip, mac) VALUES (2, 11, 'CREDITO - CLASICA', CURDATE(), curTime(), '', '', '');
INSERT INTO tblconcepto (codConcepto,correlativo, descripcion, fechaProceso, horaProceso, usuario, ip, mac) VALUES (2, 12, 'CREDITO - CLASICA', CURDATE(), curTime(), '', '', '');
INSERT INTO tblconcepto (codConcepto,correlativo, descripcion, fechaProceso, horaProceso, usuario, ip, mac) VALUES (2, 13, 'CREDITO - CORPORATE', CURDATE(), curTime(), '', '', '');
INSERT INTO tblconcepto (codConcepto,correlativo, descripcion, fechaProceso, horaProceso, usuario, ip, mac) VALUES (2, 14, 'CREDITO - CUENTA VIAJES', CURDATE(), curTime(), '', '', '');
INSERT INTO tblconcepto (codConcepto,correlativo, descripcion, fechaProceso, horaProceso, usuario, ip, mac) VALUES (2, 15, 'CREDITO - EMPRESARIAL CLASICA', CURDATE(), curTime(), '', '', '');
INSERT INTO tblconcepto (codConcepto,correlativo, descripcion, fechaProceso, horaProceso, usuario, ip, mac) VALUES (2, 16, 'CREDITO - EMPRESARIAL ORO', CURDATE(), curTime(), '', '', '');
INSERT INTO tblconcepto (codConcepto,correlativo, descripcion, fechaProceso, horaProceso, usuario, ip, mac) VALUES (2, 17, 'CREDITO - GOLD LIGTH', CURDATE(), curTime(), '', '', '');
INSERT INTO tblconcepto (codConcepto,correlativo, descripcion, fechaProceso, horaProceso, usuario, ip, mac) VALUES (2, 18, 'CREDITO - INFINITE', CURDATE(), curTime(), '', '', '');
INSERT INTO tblconcepto (codConcepto,correlativo, descripcion, fechaProceso, horaProceso, usuario, ip, mac) VALUES (2, 19, 'CREDITO - JOCKEY CLASICA', CURDATE(), curTime(), '', '', '');
INSERT INTO tblconcepto (codConcepto,correlativo, descripcion, fechaProceso, horaProceso, usuario, ip, mac) VALUES (2, 20, 'CREDITO - JOCKEY PLATINUM', CURDATE(), curTime(), '', '', '');
INSERT INTO tblconcepto (codConcepto,correlativo, descripcion, fechaProceso, horaProceso, usuario, ip, mac) VALUES (2, 21, 'CREDITO - NACIONAL', CURDATE(), curTime(), '', '', '');
INSERT INTO tblconcepto (codConcepto,correlativo, descripcion, fechaProceso, horaProceso, usuario, ip, mac) VALUES (2, 22, 'CREDITO - ORO', CURDATE(), curTime(), '', '', '');
INSERT INTO tblconcepto (codConcepto,correlativo, descripcion, fechaProceso, horaProceso, usuario, ip, mac) VALUES (2, 23, 'CREDITO - ORO INTERNACIONAL', CURDATE(), curTime(), '', '', '');
INSERT INTO tblconcepto (codConcepto,correlativo, descripcion, fechaProceso, horaProceso, usuario, ip, mac) VALUES (2, 24, 'CREDITO - ORO LIFEMILES', CURDATE(), curTime(), '', '', '');
INSERT INTO tblconcepto (codConcepto,correlativo, descripcion, fechaProceso, horaProceso, usuario, ip, mac) VALUES (2, 25, 'CREDITO - ORO LIGHT INTERNACIONAL', CURDATE(), curTime(), '', '', '');
INSERT INTO tblconcepto (codConcepto,correlativo, descripcion, fechaProceso, horaProceso, usuario, ip, mac) VALUES (2, 26, 'CREDITO - PLATINUM', CURDATE(), curTime(), '', '', '');
INSERT INTO tblconcepto (codConcepto,correlativo, descripcion, fechaProceso, horaProceso, usuario, ip, mac) VALUES (2, 27, 'CREDITO - PLATINUM INTERNACIONAL', CURDATE(), curTime(), '', '', '');
INSERT INTO tblconcepto (codConcepto,correlativo, descripcion, fechaProceso, horaProceso, usuario, ip, mac) VALUES (2, 28, 'CREDITO - PLATINUM LIFEMILES', CURDATE(), curTime(), '', '', '');
INSERT INTO tblconcepto (codConcepto,correlativo, descripcion, fechaProceso, horaProceso, usuario, ip, mac) VALUES (2, 29, 'CREDITO - PREMIUM', CURDATE(), curTime(), '', '', '');
INSERT INTO tblconcepto (codConcepto,correlativo, descripcion, fechaProceso, horaProceso, usuario, ip, mac) VALUES (2, 30, 'CREDITO - SIGNATURE', CURDATE(), curTime(), '', '', '');
INSERT INTO tblconcepto (codConcepto,correlativo, descripcion, fechaProceso, horaProceso, usuario, ip, mac) VALUES (2, 31, 'CREDITO - SIGNATURE', CURDATE(), curTime(), '', '', '');
INSERT INTO tblconcepto (codConcepto,correlativo, descripcion, fechaProceso, horaProceso, usuario, ip, mac) VALUES (2, 32, 'CREDITO - SIGNATURE LIFEMILES', CURDATE(), curTime(), '', '', '');
INSERT INTO tblconcepto (codConcepto,correlativo, descripcion, fechaProceso, horaProceso, usuario, ip, mac) VALUES (2, 33, 'CREDITO - SMART', CURDATE(), curTime(), '', '', '');
INSERT INTO tblconcepto (codConcepto,correlativo, descripcion, fechaProceso, horaProceso, usuario, ip, mac) VALUES (2, 34, 'CREDITO - SPECIAL EDITION ', CURDATE(), curTime(), '', '', '');
INSERT INTO tblconcepto (codConcepto,correlativo, descripcion, fechaProceso, horaProceso, usuario, ip, mac) VALUES (2, 35, 'CREDITO - STANDARD', CURDATE(), curTime(), '', '', '');
INSERT INTO tblconcepto (codConcepto,correlativo, descripcion, fechaProceso, horaProceso, usuario, ip, mac) VALUES (2, 36, 'CREDITO - STICKER BBVA WALLET', CURDATE(), curTime(), '', '', '');
INSERT INTO tblconcepto (codConcepto,correlativo, descripcion, fechaProceso, horaProceso, usuario, ip, mac) VALUES (2, 37, 'DEBITO', CURDATE(), curTime(), '', '', '');
INSERT INTO tblconcepto (codConcepto,correlativo, descripcion, fechaProceso, horaProceso, usuario, ip, mac) VALUES (2, 38, 'DEBITO - CONTICASH', CURDATE(), curTime(), '', '', '');
INSERT INTO tblconcepto (codConcepto,correlativo, descripcion, fechaProceso, horaProceso, usuario, ip, mac) VALUES (2, 39, 'DEBITO - ELECTRONICA', CURDATE(), curTime(), '', '', '');
INSERT INTO tblconcepto (codConcepto,correlativo, descripcion, fechaProceso, horaProceso, usuario, ip, mac) VALUES (2, 40, 'DEBITO - CLASICA', CURDATE(), curTime(), '', '', '');
INSERT INTO tblconcepto (codConcepto,correlativo, descripcion, fechaProceso, horaProceso, usuario, ip, mac) VALUES (2, 41, 'DEBITO - GOLD', CURDATE(), curTime(), '', '', '');
INSERT INTO tblconcepto (codConcepto,correlativo, descripcion, fechaProceso, horaProceso, usuario, ip, mac) VALUES (2, 42, 'DEBITO - PREMIUM ', CURDATE(), curTime(), '', '', '');
INSERT INTO tblconcepto (codConcepto,correlativo, descripcion, fechaProceso, horaProceso, usuario, ip, mac) VALUES (2, 43, 'DEBITO - TARJETA DEL HINCHA ', CURDATE(), curTime(), '', '', '');
INSERT INTO tblconcepto (codConcepto,correlativo, descripcion, fechaProceso, horaProceso, usuario, ip, mac) VALUES (2, 44, 'DEBITO - TARJETA MISTURA', CURDATE(), curTime(), '', '', '');
INSERT INTO tblconcepto (codConcepto,correlativo, descripcion, fechaProceso, horaProceso, usuario, ip, mac) VALUES (2, 45, 'DEBITO - TARJETA REGALO', CURDATE(), curTime(), '', '', '');
INSERT INTO tblconcepto (codConcepto,correlativo, descripcion, fechaProceso, horaProceso, usuario, ip, mac) VALUES (2, 46, 'DEBITO - VIP DEBITO', CURDATE(), curTime(), '', '', '');
INSERT INTO tblconcepto (codConcepto,correlativo, descripcion, fechaProceso, horaProceso, usuario, ip, mac) VALUES (2, 99, '-SIN TIPO-', CURDATE(), curTime(), '', '', '');


INSERT INTO tblconcepto (codConcepto,correlativo, descripcion, fechaProceso, horaProceso, usuario, ip, mac)
VALUES (3, 0, 'ESTADO DESCUENTO', CURDATE(), curTime(), '', '', '');
INSERT INTO tblconcepto (codConcepto,correlativo, descripcion, fechaProceso, horaProceso, usuario, ip, mac)
VALUES (3, 1, 'ACTIVO', CURDATE(), curTime(), '', '', '');
INSERT INTO tblconcepto (codConcepto,correlativo, descripcion, fechaProceso, horaProceso, usuario, ip, mac)
VALUES (3, 2, 'INACTIVO', CURDATE(), curTime(), '', '', '');

INSERT INTO tblconcepto (codConcepto,correlativo, descripcion, fechaProceso, horaProceso, usuario, ip, mac)
VALUES (4, 0, 'FLAG DESCUENTO', CURDATE(), curTime(), '', '', '');
INSERT INTO tblconcepto (codConcepto,correlativo, descripcion, fechaProceso, horaProceso, usuario, ip, mac)
VALUES (4, 1, 'MARCA', CURDATE(), curTime(), '', '', '');
INSERT INTO tblconcepto (codConcepto,correlativo, descripcion, fechaProceso, horaProceso, usuario, ip, mac)
VALUES (4, 2, 'TIPO DE TARJETA', CURDATE(), curTime(), '', '', '');
INSERT INTO tblconcepto (codConcepto,correlativo, descripcion, fechaProceso, horaProceso, usuario, ip, mac)
VALUES (4, 3, 'PORCENTAJE', CURDATE(), curTime(), '', '', '');
INSERT INTO tblconcepto (codConcepto,correlativo, descripcion, fechaProceso, horaProceso, usuario, ip, mac)
VALUES (4, 4, 'BANCO', CURDATE(), curTime(), '', '', '');
INSERT INTO tblconcepto (codConcepto,correlativo, descripcion, fechaProceso, horaProceso, usuario, ip, mac)
VALUES (4, 5, 'CATEGORIA', CURDATE(), curTime(), '', '', '');

INSERT INTO tblconcepto (codConcepto,correlativo, descripcion, fechaProceso, horaProceso, usuario, ip, mac) VALUES (5, 0, 'RELACION BANCO Y TIPO DE TARJETA', CURDATE(), curTime(), '', '', '');

INSERT INTO tblconcepto (codConcepto,correlativo, descripcion, fechaProceso, horaProceso, usuario, ip, mac) VALUES (6, 0, 'TIPO DE DESCUENTO', CURDATE(), CURTIME(), '', '', '');
INSERT INTO tblconcepto (codConcepto,correlativo, descripcion, fechaProceso, horaProceso, usuario, ip, mac) VALUES (6, 1, 'DESCUENTO NORMAL', CURDATE(), CURTIME(), '', '', '');
INSERT INTO tblconcepto (codConcepto,correlativo, descripcion, fechaProceso, horaProceso, usuario, ip, mac) VALUES (6, 2, 'DESCUENTO ESPECIAL POR BANCO', CURDATE(), CURTIME(), '', '', '');

-- --Insert para tabla tblbanco
INSERT INTO `tblbanco` (`codBanco`, `abreviatura`, `descripcion`, `marcaBaja`, `fechaProceso`, `horaProceso`, `usuario`, `ip`, `mac`) VALUES
('BC003', 'SCOTIABANK', 'SCOTIABANK PERU', 0, CURDATE(), curTime(), '', '', '');
INSERT INTO `tblbanco` (`codBanco`, `abreviatura`, `descripcion`, `marcaBaja`, `fechaProceso`, `horaProceso`, `usuario`, `ip`, `mac`) VALUES
('BC004', 'BANBIF', 'BANCO INTERAMERICANO DE FINANZAS', 0, CURDATE(), curTime(), '', '', '');
INSERT INTO `tblbanco` (`codBanco`, `abreviatura`, `descripcion`, `marcaBaja`, `fechaProceso`, `horaProceso`, `usuario`, `ip`, `mac`) VALUES
('BC005', 'BBVA', 'BBVA PERU', 0, CURDATE(), curTime(), '', '', '');
INSERT INTO `tblbanco` (`codBanco`, `abreviatura`, `descripcion`, `marcaBaja`, `fechaProceso`, `horaProceso`, `usuario`, `ip`, `mac`) VALUES 
('BC007', 'CREDISCOTIA', 'CREDISCOTIA', 0, CURDATE(), curTime(), '', '', '');
INSERT INTO `tblbanco` (`codBanco`, `abreviatura`, `descripcion`, `marcaBaja`, `fechaProceso`, `horaProceso`, `usuario`, `ip`, `mac`) VALUES 
('BC008', 'UNICA', 'UNICA', 0, CURDATE(), curTime(), '', '', '');
INSERT INTO `tblbanco` (`codBanco`, `abreviatura`, `descripcion`, `marcaBaja`, `fechaProceso`, `horaProceso`, `usuario`, `ip`, `mac`) VALUES 
('BC009', 'CENCOSUD SCOTIABANK', 'CENCOSUD SCOTIABANK', 0, CURDATE(), curTime(), '', '', '');
INSERT INTO `tblbanco` (`codBanco`, `abreviatura`, `descripcion`, `marcaBaja`, `fechaProceso`, `horaProceso`, `usuario`, `ip`, `mac`) VALUES 
('BC010', 'DINERS CLUB', 'DINERS CLUB', 0, CURDATE(), curTime(), '', '', '');

-- --Insert para tabla tblperfil
INSERT INTO `tblperfil` (`descripcion`, `estado`, `marcaBaja`, `fechaProceso`, `horaProceso`, `usuario`, `ip`, `mac`) VALUES
('ADMINISTRADOR', 1, 0, CURDATE(), curTime(), '', '', '');

-- --Insert para tabla tblpersona
INSERT INTO `tblpersona` (`codPersona`, `tipoPersona`, `tipoDocumento`, `numeroDocumento`, `ruc`, `razonSocial`, `nombres`, `apellidoPaterno`, `apellidoMaterno`, `direccion`, `correo`, `telefono`, `celular`, `codUbigeo`, `fechaNacimiento`, `marcaBaja`, `fechaProceso`, `horaProceso`, `usuario`, `ip`, `mac`) VALUES
(47396816, 1, 1, '47396816', '', '', 'FLEMING', 'ALFARO', 'PARY', 'LAMBAYEQUE', 'falfaro@ide-solution.com', '', '942833546', '', '1991-04-16', 0, CURDATE(), curTime(), '', '', '');
INSERT INTO `tblpersona` (`codPersona`, `tipoPersona`, `tipoDocumento`, `numeroDocumento`, `ruc`, `razonSocial`, `nombres`, `apellidoPaterno`, `apellidoMaterno`, `direccion`, `correo`, `telefono`, `celular`, `codUbigeo`, `fechaNacimiento`, `marcaBaja`, `fechaProceso`, `horaProceso`, `usuario`, `ip`, `mac`) VALUES
(99999999, 1, 1, '99999999', '', '', 'ADMINISTRADOR', 'ADMINISTRADOR', 'ADMINISTRADOR', 'CHICLAYO', 'falfaro@ide-solution.com', '', '999999999', '', '1991-04-16', 0, CURDATE(), curTime(), '', '', '');

-- --Insert para tabla tblusuario
INSERT INTO tblusuario (users, password, estado, codPerfil, codPersona, codSucursal, fechaProceso, horaProceso, usuario, ip, mac) 
VALUES ('falfaro', AES_ENCRYPT('abcd1234','AES'), 1, 1, 47396816, 1, CURDATE(), CURTIME(),'','','');
INSERT INTO tblusuario (users, password, estado, codPerfil, codPersona, codSucursal, fechaProceso, horaProceso, usuario, ip, mac) 
VALUES ('administrador', AES_ENCRYPT('123456','AES'), 1, 1, 99999999, 1, CURDATE(), CURTIME(),'','','');

-- BANBIF --
INSERT INTO tblParametros (prefijo,string1, smallint1) VALUES (5,'BC004',11);
INSERT INTO tblParametros (prefijo,string1, smallint1) VALUES (5,'BC004',22);
INSERT INTO tblParametros (prefijo,string1, smallint1) VALUES (5,'BC004',26);
INSERT INTO tblParametros (prefijo,string1, smallint1) VALUES (5,'BC004',30);
INSERT INTO tblParametros (prefijo,string1, smallint1) VALUES (5,'BC004',18);
INSERT INTO tblParametros (prefijo,string1, smallint1) VALUES (5,'BC004',37);

-- BBVA --
INSERT INTO tblParametros (prefijo,string1, smallint1) VALUES (5,'BC005',13);
INSERT INTO tblParametros (prefijo,string1, smallint1) VALUES (5,'BC005',16);
INSERT INTO tblParametros (prefijo,string1, smallint1) VALUES (5,'BC005',15);
INSERT INTO tblParametros (prefijo,string1, smallint1) VALUES (5,'BC005',14);
INSERT INTO tblParametros (prefijo,string1, smallint1) VALUES (5,'BC005',10);
INSERT INTO tblParametros (prefijo,string1, smallint1) VALUES (5,'BC005',18);
INSERT INTO tblParametros (prefijo,string1, smallint1) VALUES (5,'BC005',34);
INSERT INTO tblParametros (prefijo,string1, smallint1) VALUES (5,'BC005',32);
INSERT INTO tblParametros (prefijo,string1, smallint1) VALUES (5,'BC005',30);
INSERT INTO tblParametros (prefijo,string1, smallint1) VALUES (5,'BC005',26);
INSERT INTO tblParametros (prefijo,string1, smallint1) VALUES (5,'BC005',28);
INSERT INTO tblParametros (prefijo,string1, smallint1) VALUES (5,'BC005',22);
INSERT INTO tblParametros (prefijo,string1, smallint1) VALUES (5,'BC005',24);
INSERT INTO tblParametros (prefijo,string1, smallint1) VALUES (5,'BC005',11);
INSERT INTO tblParametros (prefijo,string1, smallint1) VALUES (5,'BC005',9);
INSERT INTO tblParametros (prefijo,string1, smallint1) VALUES (5,'BC005',7);
INSERT INTO tblParametros (prefijo,string1, smallint1) VALUES (5,'BC005',36);
INSERT INTO tblParametros (prefijo,string1, smallint1) VALUES (5,'BC005',21);
INSERT INTO tblParametros (prefijo,string1, smallint1) VALUES (5,'BC005',38);
INSERT INTO tblParametros (prefijo,string1, smallint1) VALUES (5,'BC005',46);
INSERT INTO tblParametros (prefijo,string1, smallint1) VALUES (5,'BC005',39);
INSERT INTO tblParametros (prefijo,string1, smallint1) VALUES (5,'BC005',45);
INSERT INTO tblParametros (prefijo,string1, smallint1) VALUES (5,'BC005',44);
INSERT INTO tblParametros (prefijo,string1, smallint1) VALUES (5,'BC005',43);

-- CENCOSUD SCOTIABANK --
INSERT INTO tblParametros (prefijo,string1, smallint1) VALUES (5,'BC009',11);
INSERT INTO tblParametros (prefijo,string1, smallint1) VALUES (5,'BC009',22);
INSERT INTO tblParametros (prefijo,string1, smallint1) VALUES (5,'BC009',10);
INSERT INTO tblParametros (prefijo,string1, smallint1) VALUES (5,'BC009',30);

-- CREDISCOTIA --
INSERT INTO tblParametros (prefijo,string1, smallint1) VALUES (5,'BC007',37);

-- SCOTIABANK --
INSERT INTO tblParametros (prefijo,string1, smallint1) VALUES (5,'BC003',1);
INSERT INTO tblParametros (prefijo,string1, smallint1) VALUES (5,'BC003',2);
INSERT INTO tblParametros (prefijo,string1, smallint1) VALUES (5,'BC003',3);
INSERT INTO tblParametros (prefijo,string1, smallint1) VALUES (5,'BC003',4);
INSERT INTO tblParametros (prefijo,string1, smallint1) VALUES (5,'BC003',5);
INSERT INTO tblParametros (prefijo,string1, smallint1) VALUES (5,'BC003',6);
INSERT INTO tblParametros (prefijo,string1, smallint1) VALUES (5,'BC003',8);
INSERT INTO tblParametros (prefijo,string1, smallint1) VALUES (5,'BC003',10);
INSERT INTO tblParametros (prefijo,string1, smallint1) VALUES (5,'BC003',11);
INSERT INTO tblParametros (prefijo,string1, smallint1) VALUES (5,'BC003',12);
INSERT INTO tblParametros (prefijo,string1, smallint1) VALUES (5,'BC003',40);
INSERT INTO tblParametros (prefijo,string1, smallint1) VALUES (5,'BC003',41);
INSERT INTO tblParametros (prefijo,string1, smallint1) VALUES (5,'BC003',17);
INSERT INTO tblParametros (prefijo,string1, smallint1) VALUES (5,'BC003',18);
INSERT INTO tblParametros (prefijo,string1, smallint1) VALUES (5,'BC003',19);
INSERT INTO tblParametros (prefijo,string1, smallint1) VALUES (5,'BC003',20);
INSERT INTO tblParametros (prefijo,string1, smallint1) VALUES (5,'BC003',22);
INSERT INTO tblParametros (prefijo,string1, smallint1) VALUES (5,'BC003',23);
INSERT INTO tblParametros (prefijo,string1, smallint1) VALUES (5,'BC003',25);
INSERT INTO tblParametros (prefijo,string1, smallint1) VALUES (5,'BC003',26);
INSERT INTO tblParametros (prefijo,string1, smallint1) VALUES (5,'BC003',27);
INSERT INTO tblParametros (prefijo,string1, smallint1) VALUES (5,'BC003',42);
INSERT INTO tblParametros (prefijo,string1, smallint1) VALUES (5,'BC003',31);
INSERT INTO tblParametros (prefijo,string1, smallint1) VALUES (5,'BC003',33);

-- UNICA --
INSERT INTO tblParametros (prefijo,string1, smallint1) VALUES (5,'BC008',35);
INSERT INTO tblParametros (prefijo,string1, smallint1) VALUES (5,'BC008',29);

-- DINERS CLUB --
INSERT INTO tblParametros (prefijo,string1, smallint1) VALUES (5,'BC010',99);


-- CATEGORIAS --

/*

INSERT INTO tblcategoria (codCategoria,descCategoria, marcaBaja, fechaProceso, horaProceso, usuario, ip, mac)
VALUES (1, 'CATEGORIA 1', 0, CURDATE(), CURTIME(), '', '', '');
INSERT INTO tblcategoria (codCategoria,descCategoria, marcaBaja, fechaProceso, horaProceso, usuario, ip, mac)
VALUES (2, 'CATEGORIA 2', 0, CURDATE(), CURTIME(), '', '', '');
INSERT INTO tblcategoria (codCategoria,descCategoria, marcaBaja, fechaProceso, horaProceso, usuario, ip, mac)
VALUES (3, 'CATEGORIA 3', 0, CURDATE(), CURTIME(), '', '', '');
INSERT INTO tblcategoria (codCategoria,descCategoria, marcaBaja, fechaProceso, horaProceso, usuario, ip, mac)
VALUES (4, 'CATEGORIA 4', 0, CURDATE(), CURTIME(), '', '', '');
INSERT INTO tblcategoria (codCategoria,descCategoria, marcaBaja, fechaProceso, horaProceso, usuario, ip, mac)
VALUES (5, 'CATEGORIA 5', 0, CURDATE(), CURTIME(), '', '', '');

*/


INSERT INTO `tblbanco` (`codBanco`, `abreviatura`, `descripcion`, `marcaBaja`, `fechaProceso`, `horaProceso`, `usuario`, `ip`, `mac`) VALUES ('BC011', 'INTERBANK', 'INTERBANK', 0, CURDATE(), curTime(), '', '', '');
INSERT INTO `tblbanco` (`codBanco`, `abreviatura`, `descripcion`, `marcaBaja`, `fechaProceso`, `horaProceso`, `usuario`, `ip`, `mac`) VALUES ('BC012', 'SODEXO', 'SODEXO', 0, CURDATE(), curTime(), '', '', '');


INSERT INTO tblconcepto (codConcepto,correlativo, descripcion, fechaProceso, horaProceso, usuario, ip, mac) VALUES (1, 4, 'AMERICAN EXPRESS', CURDATE(), curTime(), '', '', '');
INSERT INTO tblconcepto (codConcepto,correlativo, descripcion, fechaProceso, horaProceso, usuario, ip, mac) VALUES (1, 5, 'AMEXLIFEMILES', CURDATE(), curTime(), '', '', '');

-- DELETE FROM tblconcepto WHERE codConcepto = 2 AND correlativo BETWEEN 48 AND 69;
-- DELETE FROM tblParametros WHERE prefijo = 5 AND string1 = "BC011" AND smallint1 BETWEEN 70 AND 73;

INSERT INTO tblconcepto (codConcepto,correlativo, descripcion, fechaProceso, horaProceso, usuario, ip, mac) VALUES (2, 48, 'DEBITO CLASICA', CURDATE(), curTime(), '', '', '');
INSERT INTO tblconcepto (codConcepto,correlativo, descripcion, fechaProceso, horaProceso, usuario, ip, mac) VALUES (2, 49, 'DEBITO ORO', CURDATE(), curTime(), '', '', '');
INSERT INTO tblconcepto (codConcepto,correlativo, descripcion, fechaProceso, horaProceso, usuario, ip, mac) VALUES (2, 50, 'DEBITO JOVEN', CURDATE(), curTime(), '', '', '');
INSERT INTO tblconcepto (codConcepto,correlativo, descripcion, fechaProceso, horaProceso, usuario, ip, mac) VALUES (2, 51, 'CREDITO CLASICA INTERNACIONAL', CURDATE(), curTime(), '', '', '');
INSERT INTO tblconcepto (codConcepto,correlativo, descripcion, fechaProceso, horaProceso, usuario, ip, mac) VALUES (2, 52, 'CREDITO ORO', CURDATE(), curTime(), '', '', '');
INSERT INTO tblconcepto (codConcepto,correlativo, descripcion, fechaProceso, horaProceso, usuario, ip, mac) VALUES (2, 53, 'CREDITO CLASICA NACIONAL', CURDATE(), curTime(), '', '', '');
INSERT INTO tblconcepto (codConcepto,correlativo, descripcion, fechaProceso, horaProceso, usuario, ip, mac) VALUES (2, 54, 'CREDITO SIGNATURE', CURDATE(), curTime(), '', '', '');
INSERT INTO tblconcepto (codConcepto,correlativo, descripcion, fechaProceso, horaProceso, usuario, ip, mac) VALUES (2, 55, 'CREDITO CASHBACK SIGNATURE', CURDATE(), curTime(), '', '', '');
INSERT INTO tblconcepto (codConcepto,correlativo, descripcion, fechaProceso, horaProceso, usuario, ip, mac) VALUES (2, 56, 'CREDITO PREMIA', CURDATE(), curTime(), '', '', '');
INSERT INTO tblconcepto (codConcepto,correlativo, descripcion, fechaProceso, horaProceso, usuario, ip, mac) VALUES (2, 57, 'CREDITO CASHBACK PLATINUM', CURDATE(), curTime(), '', '', '');
INSERT INTO tblconcepto (codConcepto,correlativo, descripcion, fechaProceso, horaProceso, usuario, ip, mac) VALUES (2, 58, 'CREDITO CASHBACK ORO', CURDATE(), curTime(), '', '', '');
INSERT INTO tblconcepto (codConcepto,correlativo, descripcion, fechaProceso, horaProceso, usuario, ip, mac) VALUES (2, 59, 'CREDITO PLATINUM', CURDATE(), curTime(), '', '', '');
INSERT INTO tblconcepto (codConcepto,correlativo, descripcion, fechaProceso, horaProceso, usuario, ip, mac) VALUES (2, 60, 'CREDITO ACCESS', CURDATE(), curTime(), '', '', '');
INSERT INTO tblconcepto (codConcepto,correlativo, descripcion, fechaProceso, horaProceso, usuario, ip, mac) VALUES (2, 61, 'CREDITO GREEN - GOLD', CURDATE(), curTime(), '', '', '');
INSERT INTO tblconcepto (codConcepto,correlativo, descripcion, fechaProceso, horaProceso, usuario, ip, mac) VALUES (2, 62, 'CREDITO THE PLATINUM CARD', CURDATE(), curTime(), '', '', '');
INSERT INTO tblconcepto (codConcepto,correlativo, descripcion, fechaProceso, horaProceso, usuario, ip, mac) VALUES (2, 63, 'CREDITO BLUE - PLATINUM - BLACK', CURDATE(), curTime(), '', '', '');
INSERT INTO tblconcepto (codConcepto,correlativo, descripcion, fechaProceso, horaProceso, usuario, ip, mac) VALUES (2, 64, 'CREDITO CLASICA', CURDATE(), curTime(), '', '', '');
INSERT INTO tblconcepto (codConcepto,correlativo, descripcion, fechaProceso, horaProceso, usuario, ip, mac) VALUES (2, 65, 'CREDITO INFINITE', CURDATE(), curTime(), '', '', '');
INSERT INTO tblconcepto (codConcepto,correlativo, descripcion, fechaProceso, horaProceso, usuario, ip, mac) VALUES (2, 66, 'CREDITO MEGA PLAZA', CURDATE(), curTime(), '', '', '');
INSERT INTO tblconcepto (codConcepto,correlativo, descripcion, fechaProceso, horaProceso, usuario, ip, mac) VALUES (2, 67, 'CREDITO VEA', CURDATE(), curTime(), '', '', '');
INSERT INTO tblconcepto (codConcepto,correlativo, descripcion, fechaProceso, horaProceso, usuario, ip, mac) VALUES (2, 68, 'CREDITO VEA ORO', CURDATE(), curTime(), '', '', '');
INSERT INTO tblconcepto (codConcepto,correlativo, descripcion, fechaProceso, horaProceso, usuario, ip, mac) VALUES (2, 69, 'CREDITO CLARO ORO', CURDATE(), curTime(), '', '', '');
INSERT INTO tblconcepto (codConcepto,correlativo, descripcion, fechaProceso, horaProceso, usuario, ip, mac) VALUES (2, 70, 'CREDITO ELITE', CURDATE(), curTime(), '', '', '');

INSERT INTO tblconcepto (codConcepto,correlativo, descripcion, fechaProceso, horaProceso, usuario, ip, mac) VALUES (2, 71, 'PREMIUM PASS NAVIDAD', CURDATE(), curTime(), '', '', '');
INSERT INTO tblconcepto (codConcepto,correlativo, descripcion, fechaProceso, horaProceso, usuario, ip, mac) VALUES (2, 72, 'PREMIUM PASS INCENTIVO', CURDATE(), curTime(), '', '', '');
INSERT INTO tblconcepto (codConcepto,correlativo, descripcion, fechaProceso, horaProceso, usuario, ip, mac) VALUES (2, 73, 'ECOMMERCE PASS RECARGABLE', CURDATE(), curTime(), '', '', '');
INSERT INTO tblconcepto (codConcepto,correlativo, descripcion, fechaProceso, horaProceso, usuario, ip, mac) VALUES (2, 74, 'ECOMMERCE PASS NO RECARGABLE', CURDATE(), curTime(), '', '', '');
INSERT INTO tblconcepto (codConcepto,correlativo, descripcion, fechaProceso, horaProceso, usuario, ip, mac) VALUES (2, 75, 'PREMIUM PASS SOLIDARIO', CURDATE(), curTime(), '', '', '');

INSERT INTO tblParametros (prefijo,string1, smallint1) VALUES (5,'BC011',48);
INSERT INTO tblParametros (prefijo,string1, smallint1) VALUES (5,'BC011',49);
INSERT INTO tblParametros (prefijo,string1, smallint1) VALUES (5,'BC011',50);
INSERT INTO tblParametros (prefijo,string1, smallint1) VALUES (5,'BC011',51);
INSERT INTO tblParametros (prefijo,string1, smallint1) VALUES (5,'BC011',52);
INSERT INTO tblParametros (prefijo,string1, smallint1) VALUES (5,'BC011',53);
INSERT INTO tblParametros (prefijo,string1, smallint1) VALUES (5,'BC011',54);
INSERT INTO tblParametros (prefijo,string1, smallint1) VALUES (5,'BC011',55);
INSERT INTO tblParametros (prefijo,string1, smallint1) VALUES (5,'BC011',56);
INSERT INTO tblParametros (prefijo,string1, smallint1) VALUES (5,'BC011',57);
INSERT INTO tblParametros (prefijo,string1, smallint1) VALUES (5,'BC011',58);
INSERT INTO tblParametros (prefijo,string1, smallint1) VALUES (5,'BC011',59);
INSERT INTO tblParametros (prefijo,string1, smallint1) VALUES (5,'BC011',60);
INSERT INTO tblParametros (prefijo,string1, smallint1) VALUES (5,'BC011',61);
INSERT INTO tblParametros (prefijo,string1, smallint1) VALUES (5,'BC011',62);
INSERT INTO tblParametros (prefijo,string1, smallint1) VALUES (5,'BC011',63);
INSERT INTO tblParametros (prefijo,string1, smallint1) VALUES (5,'BC011',64);
INSERT INTO tblParametros (prefijo,string1, smallint1) VALUES (5,'BC011',65);
INSERT INTO tblParametros (prefijo,string1, smallint1) VALUES (5,'BC011',66);
INSERT INTO tblParametros (prefijo,string1, smallint1) VALUES (5,'BC011',67);
INSERT INTO tblParametros (prefijo,string1, smallint1) VALUES (5,'BC011',68);
INSERT INTO tblParametros (prefijo,string1, smallint1) VALUES (5,'BC011',69);
INSERT INTO tblParametros (prefijo,string1, smallint1) VALUES (5,'BC011',70);

INSERT INTO tblParametros (prefijo,string1, smallint1) VALUES (5,'BC012',71);
INSERT INTO tblParametros (prefijo,string1, smallint1) VALUES (5,'BC012',72);
INSERT INTO tblParametros (prefijo,string1, smallint1) VALUES (5,'BC012',73);
INSERT INTO tblParametros (prefijo,string1, smallint1) VALUES (5,'BC012',74);
INSERT INTO tblParametros (prefijo,string1, smallint1) VALUES (5,'BC012',75);

